"rgn_id","pressure_score"
2,0.861813
4,0.861813
3,0.861813
1,0.861813
