"rgn_id","pressure_score"
2,0.30630058066006
4,0.30630058066006
3,0.30630058066006
1,0.30630058066006
