"rgn_id","pressure_score"
2,0.200279988382225
4,0.200279988382225
3,0.200279988382225
1,0.200279988382225
