"rgn_id","pressure_score"
2,0.755950402914337
4,0.755950402914337
3,0.755950402914337
1,0.755950402914337
