"rgn_id","trend"
2,0.101778494472879
4,0.101778494472879
3,0.101778494472879
1,0.101778494472879
