"rgn_id","trend.score"
2,"-0.338285114053706"
4,"-0.338285114053706"
3,"-0.338285114053706"
1,"-0.338285114053706"
