"rgn_id","trend"
2,0.00238091954583235
4,0.00238091954583235
3,0.00238091954583235
1,0.00238091954583235
