"rgn_id","saup_id","prop_area"
2,288,0.246674801150863
4,288,0.0547177808716583
3,288,0.14284890010448
1,288,0.555758517872998
