"rgn_id","resilience.score"
2,0.411521195093638
4,0.411521195093638
3,0.411521195093638
1,0.411521195093638
