"rgn_id","resilience.score"
2,0.424949001934506
4,0.424949001934506
3,0.424949001934506
1,0.424949001934506
