"rgn_id","resilience.score"
2,0.412028260124851
4,0.412028260124851
3,0.412028260124851
1,0.412028260124851
