"rgn_id","pressure_score"
2,0.0152068405908477
4,0.0152068405908477
3,0.0152068405908477
1,0.0152068405908477
