"rgn_id","pressure_score"
2,0.128392328458698
4,0.128392328458698
3,0.128392328458698
1,0.128392328458698
