"rgn_id","pressure_score"
2,0.151341921658219
4,0.151341921658219
3,0.151341921658219
1,0.151341921658219
