"rgn_id","resilience.score"
2,0.43242350290176
4,0.43242350290176
3,0.43242350290176
1,0.43242350290176
