"rgn_id","resilience.score"
2,0.863636363636364
4,0.863636363636364
3,0.863636363636364
1,0.863636363636364
