"rgn_id","pressure_score"
1,0.0241856193163303
2,0.030177009489131
3,0.0175962895884586
4,0.09325808160608
