"rgn_id","pressure_score"
2,0.165217
4,0.165217
3,0.165217
1,0.165217
