"rgn_id","pressures.score"
2,0.061698985
4,0.061698985
3,0.061698985
1,0.061698985
