"cntry_key","sector","value"
"GHA","cf",592.594853153935
"GHA","ph",226.133667166076
"GHA","sb",592.594853153935
"GHA","tour",807.087803158666
"GHA","tran",2397.01734580885
