"cntry_key","sector","value"
"GHA","cf",509.262171905605
"GHA","ph",200.002056241375
"GHA","sb",509.262171905605
"GHA","tour",632.428834920595
"GHA","tran",2107.71392213653
