"rgn_id","score"
2,0.527142857142857
4,0.527142857142857
3,0.527142857142857
1,0.527142857142857
