"rgn_id","resilience.score"
2,0.204677815104
4,0.204677815104
3,0.204677815104
1,0.204677815104
