"rgn_id","pressure_score"
2,0.333070056384472
4,0.333070056384472
3,0.333070056384472
1,0.333070056384472
