"rgn_id","pressure_score"
2,0.0559941962225548
4,0.0559941962225548
3,0.0559941962225548
1,0.0559941962225548
