"rgn_id","pressure_score"
2,0.0969165
4,0.0969165
3,0.0969165
1,0.0969165
