"rgn_id","pressure_score"
2,0.0027185
4,0.0027185
3,0.0027185
1,0.0027185
