"rgn_id","pressure_score"
2,0.802444604375564
4,0.802444604375564
3,0.802444604375564
1,0.802444604375564
