"rgn_id","pressure_score"
2,0.419210362099048
4,0.419210362099048
3,0.419210362099048
1,0.419210362099048
