"rgn_id","area_km2"
2,462.822908937479
4,462.822908937479
3,462.822908937479
1,462.822908937479
