"rgn_id","area_km2"
2,2753.35968279221
4,2753.35968279221
3,2753.35968279221
1,2753.35968279221
