"rgn_id","area_km2"
2,225509.154836
4,225509.154836
3,225509.154836
1,225509.154836
