"rgn_id","pressures.score"
2,0.00540806535739
4,0.00540806535739
3,0.00540806535739
1,0.00540806535739
