"rgn_id","score"
2,0.787922029694867
4,0.787922029694867
3,0.787922029694867
1,0.787922029694867
