"rgn_id","score"
2,0.836082859903124
4,0.836082859903124
3,0.836082859903124
1,0.836082859903124
