"rgn_id","score"
2,-0.233726988478999
4,-0.233726988478999
3,-0.233726988478999
1,-0.233726988478999
