"rgn_id","score"
2,0.485433837701853
4,0.485433837701853
3,0.485433837701853
1,0.485433837701853
