"rgn_id","resilience.score"
2,0.777777777777833
4,0.777777777777833
3,0.777777777777833
1,0.777777777777833
