"rgn_id","score"
2,0.514566162298147
4,0.514566162298147
3,0.514566162298147
1,0.514566162298147
